[{"model": "railway.passenger", "pk": "06b9fb7c-f8e7-4a3e-9bd4-e7c83880c4db", "fields": {"password": "pbkdf2_sha256$600000$VZ60a1eyFZQYLen5l5NTKE$gBSnGRXHMPo2KVkf1WmkQGpjZLAP5uvqESqfpeaFGRw=", "last_login": "2023-11-12T10:14:45.644Z", "is_superuser": false, "username": "GnomishGenius", "first_name": "", "last_name": "", "is_staff": false, "is_active": true, "date_joined": "2023-11-12T10:14:45.472Z", "firstname": "Gelbin", "lastname": "Mekkatorque", "ciz_id": "ALL002002", "email": "gelbin@gnomemail.com", "phone": "135792468013579", "birthdate": "1990-11-25", "groups": [], "user_permissions": []}}, {"model": "railway.passenger", "pk": "224db450-091b-4423-98ff-7475523e6dbc", "fields": {"password": "pbkdf2_sha256$600000$gkBuH4Dq80nILPQWcJQQmA$g5cqhvJs28ajGE67R46jljHGQECrZynbcYjCpuwHfUs=", "last_login": "2023-11-12T10:18:06.001Z", "is_superuser": false, "username": "SindoreiSojourner", "first_name": "", "last_name": "", "is_staff": false, "is_active": true, "date_joined": "2023-11-12T10:18:05.829Z", "firstname": "Lorthemar", "lastname": "Theron", "ciz_id": "HOR004004", "email": "lorthemar@bloodelfmail.com", "phone": "112233445511223", "birthdate": "1992-06-08", "groups": [], "user_permissions": []}}, {"model": "railway.passenger", "pk": "2309aae6-c367-469b-8084-71050ea185d3", "fields": {"password": "pbkdf2_sha256$600000$DIkE5HAli1CPzbRqAnaKUY$Hzo9tN1VBlBAn1arBLg05Nnwm8RiC5KNID79nCW0GxQ=", "last_login": null, "is_superuser": true, "username": "admin1", "first_name": "", "last_name": "", "is_staff": true, "is_active": true, "date_joined": "2023-11-18T08:39:28.287Z", "firstname": "", "lastname": "", "ciz_id": "", "email": "admin1@admin.com", "phone": "", "birthdate": null, "groups": [], "user_permissions": []}}, {"model": "railway.passenger", "pk": "328d6088-337f-4135-bc24-4baf1b45ddeb", "fields": {"password": "pbkdf2_sha256$600000$ngiSiyX1TM3xj4D24w5ZYs$iCjH3iHKZq49MP/YZBOkqY2dTorRLNNbPgzGqTnBj84=", "last_login": "2023-11-12T10:19:50.462Z", "is_superuser": false, "username": "NaaruNomad", "first_name": "", "last_name": "", "is_staff": false, "is_active": true, "date_joined": "2023-11-12T10:19:50.287Z", "firstname": "Velen", "lastname": "Prophet", "ciz_id": "ALL005005", "email": "velen@draeneimail.com", "phone": "112233445511223", "birthdate": "1998-01-15", "groups": [], "user_permissions": []}}, {"model": "railway.passenger", "pk": "33fce154-e325-403f-84e0-2b5a21e56435", "fields": {"password": "pbkdf2_sha256$600000$Fziuup4WzFhjdtC11GdSgD$y3/rTvltzMqPuUZD1e+bEqbiOxy57I5ft6Ywu+I8hfo=", "last_login": "2023-11-12T10:16:21.696Z", "is_superuser": false, "username": "ForsakenTraveler", "first_name": "", "last_name": "", "is_staff": false, "is_active": true, "date_joined": "2023-11-12T10:16:21.524Z", "firstname": "Sylvanas", "lastname": "Windrunner", "ciz_id": "HOR002002", "email": "sylvanas@undeadmail.com", "phone": "112233445511223", "birthdate": "1995-12-02", "groups": [], "user_permissions": []}}, {"model": "railway.passenger", "pk": "3ca24ff2-9241-4592-997f-5bccd0d1c900", "fields": {"password": "pbkdf2_sha256$600000$wKN5jumfuTyHGyTtlKlHCG$TaA12MwHFg+t96TeCrc9HWA553aZ9J+SXyZncsT8Bn8=", "last_login": "2023-11-12T11:07:40.075Z", "is_superuser": false, "username": "AdventurousAlliance", "first_name": "", "last_name": "", "is_staff": false, "is_active": true, "date_joined": "2023-11-12T10:10:24.307Z", "firstname": "Varian", "lastname": "Wrynn", "ciz_id": "ALL001001", "email": "varian@humanmail.com", "phone": "123456789012345", "birthdate": "1980-07-10", "groups": [], "user_permissions": []}}, {"model": "railway.passenger", "pk": "650746ab-cea7-482d-ad56-eb915d9c77f6", "fields": {"password": "pbkdf2_sha256$600000$bK3o3jF7KwCiqwcz1q702V$kxs1l4GN/R4uU6gPeOWVXOdr0ZDyfoyOrltGVTCagxc=", "last_login": "2023-11-12T10:20:29.779Z", "is_superuser": false, "username": "PandaPassenger", "first_name": "", "last_name": "", "is_staff": false, "is_active": true, "date_joined": "2023-11-12T10:20:29.609Z", "firstname": "Chen", "lastname": "Stormstout", "ciz_id": "NEU001001", "email": "chen@pandarenmail.com", "phone": "112233445511223", "birthdate": "1993-05-20", "groups": [], "user_permissions": []}}, {"model": "railway.passenger", "pk": "6a70c753-a1b4-48bb-ac66-04aaa2bc2da3", "fields": {"password": "pbkdf2_sha256$600000$zpHWAfq3bDDEXRJ89pUsmB$RjKADqCjhZE4DBWn751gNpHZW8+QuBjT8FKOKvdI13U=", "last_login": "2023-11-12T11:00:52.711Z", "is_superuser": true, "username": "admin", "first_name": "", "last_name": "", "is_staff": true, "is_active": true, "date_joined": "2023-11-12T08:01:57.507Z", "firstname": "", "lastname": "", "ciz_id": "", "email": "admin@example.com", "phone": "", "birthdate": null, "groups": [], "user_permissions": []}}, {"model": "railway.passenger", "pk": "7acc9cee-ac3d-4d37-856c-490c8426a899", "fields": {"password": "pbkdf2_sha256$600000$Wa79u1Xl7GjNkRSn0bkx2g$N4C9MI97t0q9QEorNny51GG82R1HnuMaGP5SbEv6ueU=", "last_login": "2023-11-12T10:15:36.724Z", "is_superuser": false, "username": "NightElfNomad", "first_name": "", "last_name": "", "is_staff": false, "is_active": true, "date_joined": "2023-11-12T10:15:36.556Z", "firstname": "Tyrande", "lastname": "Whisperwind", "ciz_id": "ALL003003", "email": "tyrande@nightelfmail.com", "phone": "246813579024681", "birthdate": "1988-09-05", "groups": [], "user_permissions": []}}, {"model": "railway.passenger", "pk": "8e59705e-da99-429c-abfa-6c8c6921e1bf", "fields": {"password": "pbkdf2_sha256$600000$TzO2qBby7S30RDSUY1DDjl$OU5hmBVAP8ABCsGMvBqeGSIBU3w5/ZPSwYqlMNJoyhk=", "last_login": "2023-11-12T10:19:00.618Z", "is_superuser": false, "username": "ClockworkCrafter", "first_name": "", "last_name": "", "is_staff": false, "is_active": true, "date_joined": "2023-11-12T10:19:00.448Z", "firstname": "Tinkmaster", "lastname": "Overspark", "ciz_id": "ALL004004", "email": "tinkmaster@gnomemail.com", "phone": "554433221155443", "birthdate": "1987-10-30", "groups": [], "user_permissions": []}}, {"model": "railway.passenger", "pk": "9040ac3f-dcb0-4eae-8207-3f7cd8a52ee4", "fields": {"password": "pbkdf2_sha256$600000$AM1hr3aPrgJI4OTpIoj1A2$JLL2sfxCJDM4C9KeJ8owB84tI9tco5dBgRhDXJvIZDs=", "last_login": "2023-11-12T10:16:57.657Z", "is_superuser": false, "username": "TaurenTrailblazer", "first_name": "", "last_name": "", "is_staff": false, "is_active": true, "date_joined": "2023-11-12T10:16:57.492Z", "firstname": "Baine", "lastname": "Bloodhoof", "ciz_id": "HOR003003", "email": "baine@taurenmail.com", "phone": "998877665599887", "birthdate": "1983-04-17", "groups": [], "user_permissions": []}}, {"model": "railway.passenger", "pk": "99cfdb97-3144-4e58-8000-2492a2f130ee", "fields": {"password": "pbkdf2_sha256$600000$mZC0JcJEtyludE3pVugpCD$zvZ3NSy/y7A89Ts5YvLvZtQrFNionwc6yPAKgGAv4NA=", "last_login": "2023-11-12T10:11:19Z", "is_superuser": false, "username": "HordeHonor", "first_name": "", "last_name": "", "is_staff": false, "is_active": true, "date_joined": "2023-11-12T10:11:19Z", "firstname": "Thrall", "lastname": "Doomhammer", "ciz_id": "HOR001001", "email": "thrall@orcmail.com", "phone": "987654321098765", "birthdate": "1985-03-16", "groups": [], "user_permissions": []}}, {"model": "railway.passenger", "pk": "c65b1105-58d3-411e-9a27-909de145d628", "fields": {"password": "pbkdf2_sha256$600000$29oVdKv3ZI6KNLj6Bn5QVw$iR8GUKT2k2g1AGIO9tLeP7JdPr3amaXT62qWpJSDR7g=", "last_login": "2023-11-18T08:38:57.426Z", "is_superuser": false, "username": "user1", "first_name": "", "last_name": "", "is_staff": false, "is_active": true, "date_joined": "2023-11-18T08:38:57.268Z", "firstname": "user1", "lastname": "1user", "ciz_id": "", "email": "user1@user.com", "phone": "", "birthdate": null, "groups": [], "user_permissions": []}}, {"model": "railway.station", "pk": "02619d5a-5a5d-4485-85fa-f80db978df6f", "fields": {"station_name": "Cenarion Hold Terminal", "city": "Silithus", "district": "Hive'Regal Border", "sub_dist": "Crystal Vale"}}, {"model": "railway.station", "pk": "0f13d3bd-ffcb-494a-a333-0356110fabbf", "fields": {"station_name": "Undercity Express Depot", "city": "Undercity", "district": "The Trade Quarter", "sub_dist": "The Apothecarium"}}, {"model": "railway.station", "pk": "0f60399d-b032-43e8-9ee9-a20e4e9bf2e9", "fields": {"station_name": "Gadgetzan Oasis Station", "city": "Gadgetzan", "district": "Steamwheedle Port", "sub_dist": "The Mirage"}}, {"model": "railway.station", "pk": "10d76778-830f-4adc-89d3-c7d972509c22", "fields": {"station_name": "Darnassus Crossing", "city": "Darnassus", "district": "The Temple Gardens", "sub_dist": "Craftsmen's Terrace"}}, {"model": "railway.station", "pk": "13ef848f-456b-413a-9f6a-6306ace84366", "fields": {"station_name": "Shattrath City Interchange", "city": "Shattrath City", "district": "Lower City", "sub_dist": "Terrace of Light"}}, {"model": "railway.station", "pk": "1653a83e-8b69-4f57-9c32-bebd8c6b47d1", "fields": {"station_name": "Hyjal Summit Transit Center", "city": "Mount Hyjal", "district": "Nordrassil", "sub_dist": "The World Tree"}}, {"model": "railway.station", "pk": "17da8c38-e116-4ad7-8bf6-903e0deca5eb", "fields": {"station_name": "Icecrown Citadel Terminal", "city": "Icecrown Citadel", "district": "Upper Citadel", "sub_dist": "The Frozen Throne"}}, {"model": "railway.station", "pk": "27c49062-b152-443a-90cd-1d75c4bc1297", "fields": {"station_name": "Zul'Aman Rail Yard", "city": "Zul'Aman", "district": "The Ghostlands", "sub_dist": "Amani Pass"}}, {"model": "railway.station", "pk": "280dadf9-f4b7-49ce-9fa3-a642c87a8efb", "fields": {"station_name": "Stranglethorn Vale Junction", "city": "Grom'gol Base Camp", "district": "Duskwood Border", "sub_dist": "Nesingwary's Expedition"}}, {"model": "railway.station", "pk": "431a9c78-9209-45aa-b8a0-b7bab8444032", "fields": {"station_name": "Karazhan Transfer Point", "city": "Deadwind Pass", "district": "Karazhan Exterior", "sub_dist": "The Master's Terrace"}}, {"model": "railway.station", "pk": "47628bfa-e346-4c16-9a1d-ef039ea48a43", "fields": {"station_name": "Gnomeregan Depot", "city": "Gnomeregan", "district": "Tinker Town", "sub_dist": "The Dormitory"}}, {"model": "railway.station", "pk": "4e3b1f54-a7b6-4657-bd62-3b5702ec7cae", "fields": {"station_name": "Booty Bay Port", "city": "Booty Bay", "district": "Salty Sailor Tavern", "sub_dist": "The Booty Quarter"}}, {"model": "railway.station", "pk": "544a2433-3403-4aaa-b8d4-c85e8ddb487c", "fields": {"station_name": "Orgrimmar Junction", "city": "Orgrimmar", "district": "Valley of Strength", "sub_dist": "The Drag"}}, {"model": "railway.station", "pk": "89fb543a-7a6e-49f5-841b-2b1a04e1758c", "fields": {"station_name": "Blackrock Spire Station", "city": "Blackrock Mountain", "district": "Blackrock Spire", "sub_dist": "Hall of Blackhand"}}, {"model": "railway.station", "pk": "aa4a3566-ccdd-451c-b00a-86eed153e873", "fields": {"station_name": "Exodar Skyport", "city": "The Exodar", "district": "The Crystal Hall", "sub_dist": "Seat of the Naaru"}}, {"model": "railway.station", "pk": "cbc222c8-dee7-490d-aa78-59ae92d4f458", "fields": {"station_name": "Darkshore Pier", "city": "Lor'danel", "district": "Ruins of Auberdine", "sub_dist": "Shaldoren's Isle"}}, {"model": "railway.station", "pk": "d57b5a8d-08e9-4540-a801-2c587aa6a175", "fields": {"station_name": "Thunder Bluff Transit Hub", "city": "Thunder Bluff", "district": "Lower Rise", "sub_dist": "Spirit Rise"}}, {"model": "railway.station", "pk": "e2f47fc5-198c-48d3-a7e6-3de6b8318253", "fields": {"station_name": "Stormwind Central Station", "city": "Stormwind", "district": "Trade District", "sub_dist": "Dwarven District"}}, {"model": "railway.station", "pk": "fbfc0360-bfd4-4f9a-84a6-3a27172bad0d", "fields": {"station_name": "Ironforge Terminal", "city": "Ironforge", "district": "The Great Forge", "sub_dist": "Tinker Town"}}, {"model": "railway.station", "pk": "fe5bf902-0e35-43eb-9bc0-cb8e46b4fa10", "fields": {"station_name": "Silvermoon Rail Station", "city": "Silvermoon City", "district": "The Royal Exchange", "sub_dist": "Murder Row"}}, {"model": "railway.train", "pk": "100d4f36-72a8-4aba-ac3d-b3caf6683ffd", "fields": {"train_type_str": "Undercity Plague Wagon", "manufacture_year": 1976}}, {"model": "railway.train", "pk": "15bbb578-80f8-47fb-acb8-185238c3ac1f", "fields": {"train_type_str": "Zul'Aman Zephyr", "manufacture_year": 2007}}, {"model": "railway.train", "pk": "1a545eff-40c1-4333-b3ba-12a0f08e1587", "fields": {"train_type_str": "Thunder Bluff Thunderhawk", "manufacture_year": 1999}}, {"model": "railway.train", "pk": "24f63dd0-879e-434d-b078-b8efe249d6cd", "fields": {"train_type_str": "Darnassus Moonwell Runner", "manufacture_year": 2002}}, {"model": "railway.train", "pk": "376faffe-0fae-4adc-a532-0bb6d02b0ca9", "fields": {"train_type_str": "Fel Reaver Express", "manufacture_year": 2005}}, {"model": "railway.train", "pk": "4c9a5b62-87a3-4546-b9ed-c1e599cb25fa", "fields": {"train_type_str": "Hyjal Dreamwalker Express", "manufacture_year": 1980}}, {"model": "railway.train", "pk": "541e6b4b-5c09-418f-822a-8415796e530a", "fields": {"train_type_str": "Stormwind Stormrider", "manufacture_year": 2008}}, {"model": "railway.train", "pk": "7b372d05-66e3-45c4-98aa-f481f86e0791", "fields": {"train_type_str": "Silvermoon Sunstrider Express", "manufacture_year": 2019}}, {"model": "railway.train", "pk": "81fc72f9-ca87-48cf-918b-730935a358a1", "fields": {"train_type_str": "Booty Bay Buccaneer Train", "manufacture_year": 1990}}, {"model": "railway.train", "pk": "af665147-d20a-4bf5-9748-455cfe8c2a45", "fields": {"train_type_str": "Karazhan Enchanted Carriage", "manufacture_year": 1963}}, {"model": "railway.train", "pk": "e5800954-ab96-4c7f-b815-4930bcbf3532", "fields": {"train_type_str": "Blackrock Dark Iron Locomotive", "manufacture_year": 1972}}, {"model": "railway.train", "pk": "e6a0cdfb-cb62-422b-aa1a-57226e6842e4", "fields": {"train_type_str": "Orgrimmar Iron Wolf", "manufacture_year": 1985}}, {"model": "railway.train", "pk": "e828a61e-1074-4d5f-b464-0ac2558f5738", "fields": {"train_type_str": "Icecrown NecroChill Express", "manufacture_year": 2015}}, {"model": "railway.train", "pk": "e84d95ad-d34d-4749-9950-e88534c78063", "fields": {"train_type_str": "Gnomeregan Geartrain", "manufacture_year": 2012}}, {"model": "railway.train", "pk": "fe6df029-dea2-43aa-9068-2f54cb98be11", "fields": {"train_type_str": "Gadgetzan Sandstorm Sprinter", "manufacture_year": 2021}}, {"model": "railway.seat", "pk": "01030087-853f-4ef1-bbb7-3b4eeda22241", "fields": {"train": "e828a61e-1074-4d5f-b464-0ac2558f5738", "is_available": true}}, {"model": "railway.seat", "pk": "01a0c0f6-b9d6-4885-9d15-f91d322e829e", "fields": {"train": "541e6b4b-5c09-418f-822a-8415796e530a", "is_available": true}}, {"model": "railway.seat", "pk": "03aea1b4-1248-4100-bc3c-09332ecf081d", "fields": {"train": "fe6df029-dea2-43aa-9068-2f54cb98be11", "is_available": true}}, {"model": "railway.seat", "pk": "042cee9e-6a5d-48df-90aa-3e3a21bc40b7", "fields": {"train": "4c9a5b62-87a3-4546-b9ed-c1e599cb25fa", "is_available": true}}, {"model": "railway.seat", "pk": "044112c7-5886-4206-9ae5-b525d9a34c52", "fields": {"train": "e5800954-ab96-4c7f-b815-4930bcbf3532", "is_available": true}}, {"model": "railway.seat", "pk": "06c739bf-348c-4f8d-81f1-13a8d6741a71", "fields": {"train": "81fc72f9-ca87-48cf-918b-730935a358a1", "is_available": true}}, {"model": "railway.seat", "pk": "0b04781f-9f6d-485b-ac32-535fea0011fd", "fields": {"train": "81fc72f9-ca87-48cf-918b-730935a358a1", "is_available": true}}, {"model": "railway.seat", "pk": "0c665c2b-5c0a-4aed-abaf-836a8e0b70ce", "fields": {"train": "24f63dd0-879e-434d-b078-b8efe249d6cd", "is_available": true}}, {"model": "railway.seat", "pk": "0ddaffdf-ffca-42f5-a2ea-a135abb444f8", "fields": {"train": "7b372d05-66e3-45c4-98aa-f481f86e0791", "is_available": true}}, {"model": "railway.seat", "pk": "14d655f0-38f4-4469-9830-c25d6939ca6c", "fields": {"train": "e6a0cdfb-cb62-422b-aa1a-57226e6842e4", "is_available": true}}, {"model": "railway.seat", "pk": "19ab5738-c7b3-4474-8488-2e06f49c6f3c", "fields": {"train": "af665147-d20a-4bf5-9748-455cfe8c2a45", "is_available": true}}, {"model": "railway.seat", "pk": "19b5904e-9143-4efa-9b8f-9662f009e315", "fields": {"train": "24f63dd0-879e-434d-b078-b8efe249d6cd", "is_available": true}}, {"model": "railway.seat", "pk": "1a31e0f3-c7c6-4b22-94fb-cf8eb113f16b", "fields": {"train": "e828a61e-1074-4d5f-b464-0ac2558f5738", "is_available": true}}, {"model": "railway.seat", "pk": "1b6bd29a-32a4-4412-adba-e854bc9f756a", "fields": {"train": "81fc72f9-ca87-48cf-918b-730935a358a1", "is_available": true}}, {"model": "railway.seat", "pk": "1dd6d3b3-5b29-424f-bac8-3249ecca8d80", "fields": {"train": "af665147-d20a-4bf5-9748-455cfe8c2a45", "is_available": true}}, {"model": "railway.seat", "pk": "1de6e1a1-2f47-4404-82f7-1fc54d3cfc78", "fields": {"train": "e5800954-ab96-4c7f-b815-4930bcbf3532", "is_available": true}}, {"model": "railway.seat", "pk": "1ed3267b-423d-4343-93ff-f4320cb5bbed", "fields": {"train": "e84d95ad-d34d-4749-9950-e88534c78063", "is_available": true}}, {"model": "railway.seat", "pk": "201ec847-0c5d-4174-ba64-bf3144074054", "fields": {"train": "7b372d05-66e3-45c4-98aa-f481f86e0791", "is_available": true}}, {"model": "railway.seat", "pk": "21ad6667-ac3d-4cfd-9ca3-7f5b9fff7ea9", "fields": {"train": "e5800954-ab96-4c7f-b815-4930bcbf3532", "is_available": true}}, {"model": "railway.seat", "pk": "21daf4f5-2810-4e75-86bc-4e87419dc057", "fields": {"train": "e5800954-ab96-4c7f-b815-4930bcbf3532", "is_available": true}}, {"model": "railway.seat", "pk": "227fd127-bfd2-4715-9b3f-c1bf964ca23f", "fields": {"train": "af665147-d20a-4bf5-9748-455cfe8c2a45", "is_available": true}}, {"model": "railway.seat", "pk": "23e8a467-0c07-4b1b-97e2-b2da43239e0e", "fields": {"train": "376faffe-0fae-4adc-a532-0bb6d02b0ca9", "is_available": true}}, {"model": "railway.seat", "pk": "26b02771-d310-43e4-8797-f14e5c9dcc4b", "fields": {"train": "541e6b4b-5c09-418f-822a-8415796e530a", "is_available": true}}, {"model": "railway.seat", "pk": "26e2fcc4-97dc-42ad-8794-70ab74bdabd3", "fields": {"train": "7b372d05-66e3-45c4-98aa-f481f86e0791", "is_available": true}}, {"model": "railway.seat", "pk": "29a2f5f7-855f-4002-8aa5-4450514463a7", "fields": {"train": "e84d95ad-d34d-4749-9950-e88534c78063", "is_available": true}}, {"model": "railway.seat", "pk": "2a82e098-3584-4dd2-9f30-77eca16c2b38", "fields": {"train": "541e6b4b-5c09-418f-822a-8415796e530a", "is_available": true}}, {"model": "railway.seat", "pk": "2a8739fc-9daf-465b-8274-6c5ee64a1eb3", "fields": {"train": "376faffe-0fae-4adc-a532-0bb6d02b0ca9", "is_available": true}}, {"model": "railway.seat", "pk": "2dd6415f-89bd-43cb-ae3e-743ade0ec7a7", "fields": {"train": "e6a0cdfb-cb62-422b-aa1a-57226e6842e4", "is_available": true}}, {"model": "railway.seat", "pk": "2e0fe8b3-6cde-4e86-a14d-a13f9e1ba2dc", "fields": {"train": "af665147-d20a-4bf5-9748-455cfe8c2a45", "is_available": true}}, {"model": "railway.seat", "pk": "2e6073da-ceb0-4688-ba33-bffdba0aab16", "fields": {"train": "fe6df029-dea2-43aa-9068-2f54cb98be11", "is_available": true}}, {"model": "railway.seat", "pk": "2ef89dfa-428d-4644-bd9a-364217c26929", "fields": {"train": "100d4f36-72a8-4aba-ac3d-b3caf6683ffd", "is_available": true}}, {"model": "railway.seat", "pk": "325b46bd-cac1-487b-96b8-a83a11d5c3ad", "fields": {"train": "e828a61e-1074-4d5f-b464-0ac2558f5738", "is_available": true}}, {"model": "railway.seat", "pk": "33337984-1b52-4f92-9738-41e9ac538cc9", "fields": {"train": "81fc72f9-ca87-48cf-918b-730935a358a1", "is_available": true}}, {"model": "railway.seat", "pk": "34a2cf67-4711-4037-be53-7ce3311b6f5c", "fields": {"train": "7b372d05-66e3-45c4-98aa-f481f86e0791", "is_available": true}}, {"model": "railway.seat", "pk": "38793c38-ffe3-4f5a-b49b-ba825a07a845", "fields": {"train": "24f63dd0-879e-434d-b078-b8efe249d6cd", "is_available": true}}, {"model": "railway.seat", "pk": "38b02ad9-9685-4292-ba85-5d49acfe54ee", "fields": {"train": "af665147-d20a-4bf5-9748-455cfe8c2a45", "is_available": true}}, {"model": "railway.seat", "pk": "3d99680a-25dc-4345-9fe9-8590a35c8dec", "fields": {"train": "e5800954-ab96-4c7f-b815-4930bcbf3532", "is_available": true}}, {"model": "railway.seat", "pk": "3dc88ac8-aa26-45be-b59d-a15bc3830b26", "fields": {"train": "1a545eff-40c1-4333-b3ba-12a0f08e1587", "is_available": true}}, {"model": "railway.seat", "pk": "3f27b4e3-9e8c-40b6-aea9-0815f7c92128", "fields": {"train": "4c9a5b62-87a3-4546-b9ed-c1e599cb25fa", "is_available": true}}, {"model": "railway.seat", "pk": "4164240a-2a42-4e75-a6e8-deb97f3df3c7", "fields": {"train": "7b372d05-66e3-45c4-98aa-f481f86e0791", "is_available": true}}, {"model": "railway.seat", "pk": "43b0be84-38aa-4524-a5fa-5dfc49c86479", "fields": {"train": "100d4f36-72a8-4aba-ac3d-b3caf6683ffd", "is_available": true}}, {"model": "railway.seat", "pk": "44d974da-9e69-40f4-bcaf-8590eafcc0e0", "fields": {"train": "376faffe-0fae-4adc-a532-0bb6d02b0ca9", "is_available": true}}, {"model": "railway.seat", "pk": "45246ef6-8178-45d7-82d3-99ddb13adfbc", "fields": {"train": "15bbb578-80f8-47fb-acb8-185238c3ac1f", "is_available": true}}, {"model": "railway.seat", "pk": "4691bd27-8172-4e89-9ffa-4dfba556ff13", "fields": {"train": "e84d95ad-d34d-4749-9950-e88534c78063", "is_available": true}}, {"model": "railway.seat", "pk": "47d763e4-6001-4da1-a736-9c900568af8a", "fields": {"train": "376faffe-0fae-4adc-a532-0bb6d02b0ca9", "is_available": true}}, {"model": "railway.seat", "pk": "48169689-7159-4c73-beba-d4fbffe4f288", "fields": {"train": "1a545eff-40c1-4333-b3ba-12a0f08e1587", "is_available": true}}, {"model": "railway.seat", "pk": "4aac0d73-4922-4b26-bdf8-e3293dd7be8c", "fields": {"train": "15bbb578-80f8-47fb-acb8-185238c3ac1f", "is_available": true}}, {"model": "railway.seat", "pk": "4c6a0a18-9698-4a7d-8823-3f64d271c198", "fields": {"train": "7b372d05-66e3-45c4-98aa-f481f86e0791", "is_available": true}}, {"model": "railway.seat", "pk": "4d6eccd8-70db-4e0e-89f3-fd8590c5c6e8", "fields": {"train": "e6a0cdfb-cb62-422b-aa1a-57226e6842e4", "is_available": true}}, {"model": "railway.seat", "pk": "4fbbf3bc-1dc3-48f8-be36-890dafb221d8", "fields": {"train": "e6a0cdfb-cb62-422b-aa1a-57226e6842e4", "is_available": true}}, {"model": "railway.seat", "pk": "5116ca42-55f8-40c8-846a-0330588cfc6f", "fields": {"train": "af665147-d20a-4bf5-9748-455cfe8c2a45", "is_available": true}}, {"model": "railway.seat", "pk": "51ac30ac-ee23-455d-a6e6-f083b6d45f5c", "fields": {"train": "e84d95ad-d34d-4749-9950-e88534c78063", "is_available": true}}, {"model": "railway.seat", "pk": "5302fa7e-e3ff-4ac7-94bf-49a49259c463", "fields": {"train": "e84d95ad-d34d-4749-9950-e88534c78063", "is_available": true}}, {"model": "railway.seat", "pk": "53559634-7e15-4cc5-9f2b-5f81eb4f1c1c", "fields": {"train": "fe6df029-dea2-43aa-9068-2f54cb98be11", "is_available": true}}, {"model": "railway.seat", "pk": "536017f2-7667-4dd5-9c18-6c6dd059678a", "fields": {"train": "376faffe-0fae-4adc-a532-0bb6d02b0ca9", "is_available": true}}, {"model": "railway.seat", "pk": "54f953b8-dc48-486e-8751-7e7c55724687", "fields": {"train": "1a545eff-40c1-4333-b3ba-12a0f08e1587", "is_available": true}}, {"model": "railway.seat", "pk": "55229b87-edb5-43ed-8a8c-7c5710c45fc8", "fields": {"train": "15bbb578-80f8-47fb-acb8-185238c3ac1f", "is_available": true}}, {"model": "railway.seat", "pk": "56f76d30-6d6d-4370-af88-c64530e1875a", "fields": {"train": "376faffe-0fae-4adc-a532-0bb6d02b0ca9", "is_available": true}}, {"model": "railway.seat", "pk": "58d6ee2c-3c1e-48ef-8b7e-9231c10421fd", "fields": {"train": "e828a61e-1074-4d5f-b464-0ac2558f5738", "is_available": true}}, {"model": "railway.seat", "pk": "5a8f82b7-ea1a-4197-957b-c2309cc05b50", "fields": {"train": "e828a61e-1074-4d5f-b464-0ac2558f5738", "is_available": true}}, {"model": "railway.seat", "pk": "5ae3d357-4dfe-4013-9321-aaccd29ab577", "fields": {"train": "100d4f36-72a8-4aba-ac3d-b3caf6683ffd", "is_available": true}}, {"model": "railway.seat", "pk": "5b37e5f6-ec5f-4f6b-b1d0-93ef4bfd56cf", "fields": {"train": "fe6df029-dea2-43aa-9068-2f54cb98be11", "is_available": true}}, {"model": "railway.seat", "pk": "5b7ff0f7-7a9c-433a-be8f-4338b34b96c6", "fields": {"train": "24f63dd0-879e-434d-b078-b8efe249d6cd", "is_available": true}}, {"model": "railway.seat", "pk": "5ef16de6-5cd0-4cc1-85b5-1d578f3ce7ca", "fields": {"train": "4c9a5b62-87a3-4546-b9ed-c1e599cb25fa", "is_available": true}}, {"model": "railway.seat", "pk": "5f04b599-e23c-4d31-9794-706ab01b8166", "fields": {"train": "1a545eff-40c1-4333-b3ba-12a0f08e1587", "is_available": true}}, {"model": "railway.seat", "pk": "60a7fa49-2ad6-4fa9-9fcc-1e21985068d1", "fields": {"train": "7b372d05-66e3-45c4-98aa-f481f86e0791", "is_available": true}}, {"model": "railway.seat", "pk": "64355389-f1a5-45d1-9328-434dbb42ab3b", "fields": {"train": "541e6b4b-5c09-418f-822a-8415796e530a", "is_available": true}}, {"model": "railway.seat", "pk": "6bb10d33-721a-45b8-b5de-cd4b2f07b614", "fields": {"train": "15bbb578-80f8-47fb-acb8-185238c3ac1f", "is_available": true}}, {"model": "railway.seat", "pk": "6cb03ef2-cc18-4d4a-84e2-c239925249bc", "fields": {"train": "e84d95ad-d34d-4749-9950-e88534c78063", "is_available": true}}, {"model": "railway.seat", "pk": "6d6fa027-e044-4372-856c-522bba947134", "fields": {"train": "4c9a5b62-87a3-4546-b9ed-c1e599cb25fa", "is_available": true}}, {"model": "railway.seat", "pk": "70468908-9956-4b40-a828-36f3237be8d1", "fields": {"train": "e6a0cdfb-cb62-422b-aa1a-57226e6842e4", "is_available": true}}, {"model": "railway.seat", "pk": "712a8820-e08b-41d1-9e4b-81e360ba8b55", "fields": {"train": "1a545eff-40c1-4333-b3ba-12a0f08e1587", "is_available": true}}, {"model": "railway.seat", "pk": "7417dd0e-1c86-4b44-b7eb-f2c8c619f173", "fields": {"train": "1a545eff-40c1-4333-b3ba-12a0f08e1587", "is_available": true}}, {"model": "railway.seat", "pk": "751bbfc1-c355-4559-a57a-816c9e4ef1d0", "fields": {"train": "e6a0cdfb-cb62-422b-aa1a-57226e6842e4", "is_available": true}}, {"model": "railway.seat", "pk": "772f67fb-3160-4592-b35b-c37d74c798e0", "fields": {"train": "4c9a5b62-87a3-4546-b9ed-c1e599cb25fa", "is_available": true}}, {"model": "railway.seat", "pk": "77e71350-c576-4c85-b737-f326339a33f6", "fields": {"train": "1a545eff-40c1-4333-b3ba-12a0f08e1587", "is_available": true}}, {"model": "railway.seat", "pk": "79ebeb27-51a9-47da-9941-a0f8df80f5f8", "fields": {"train": "24f63dd0-879e-434d-b078-b8efe249d6cd", "is_available": true}}, {"model": "railway.seat", "pk": "7f537800-c8b8-4da8-bcb1-1e9668e166cd", "fields": {"train": "7b372d05-66e3-45c4-98aa-f481f86e0791", "is_available": true}}, {"model": "railway.seat", "pk": "7f67917a-b430-4693-a3a1-f817593b26fb", "fields": {"train": "81fc72f9-ca87-48cf-918b-730935a358a1", "is_available": true}}, {"model": "railway.seat", "pk": "7fc07936-5d11-44e3-9814-b779ee3a963f", "fields": {"train": "e828a61e-1074-4d5f-b464-0ac2558f5738", "is_available": true}}, {"model": "railway.seat", "pk": "7ffe3960-7366-43f4-a228-34362cdefdb0", "fields": {"train": "15bbb578-80f8-47fb-acb8-185238c3ac1f", "is_available": true}}, {"model": "railway.seat", "pk": "80ec249a-28dd-4e35-806c-09eaa020e258", "fields": {"train": "e84d95ad-d34d-4749-9950-e88534c78063", "is_available": true}}, {"model": "railway.seat", "pk": "811ffe71-8f7d-404f-98c4-528a954f4f14", "fields": {"train": "100d4f36-72a8-4aba-ac3d-b3caf6683ffd", "is_available": true}}, {"model": "railway.seat", "pk": "81ef6f6e-1c3d-4ebe-aae0-19a2a355409c", "fields": {"train": "541e6b4b-5c09-418f-822a-8415796e530a", "is_available": true}}, {"model": "railway.seat", "pk": "8313dd04-bbe0-4f2f-956d-b7459a1bfd85", "fields": {"train": "81fc72f9-ca87-48cf-918b-730935a358a1", "is_available": true}}, {"model": "railway.seat", "pk": "83b07d48-a5d3-4698-bd60-b309d53fd978", "fields": {"train": "24f63dd0-879e-434d-b078-b8efe249d6cd", "is_available": true}}, {"model": "railway.seat", "pk": "8810f01c-db3f-42af-8a83-5d325ccfc007", "fields": {"train": "7b372d05-66e3-45c4-98aa-f481f86e0791", "is_available": true}}, {"model": "railway.seat", "pk": "8ada954b-b862-42a2-b2d6-f398bb18ebdf", "fields": {"train": "100d4f36-72a8-4aba-ac3d-b3caf6683ffd", "is_available": true}}, {"model": "railway.seat", "pk": "8af3b83e-a413-4725-9419-68f0e0804fd8", "fields": {"train": "24f63dd0-879e-434d-b078-b8efe249d6cd", "is_available": true}}, {"model": "railway.seat", "pk": "8c33cb39-8c62-4881-9c5d-60061434d478", "fields": {"train": "376faffe-0fae-4adc-a532-0bb6d02b0ca9", "is_available": true}}, {"model": "railway.seat", "pk": "8ca294ee-7583-4cd8-836d-c3e1ba8098da", "fields": {"train": "376faffe-0fae-4adc-a532-0bb6d02b0ca9", "is_available": true}}, {"model": "railway.seat", "pk": "8d8cb95e-a19a-4bce-91a1-1fc093c363f5", "fields": {"train": "e5800954-ab96-4c7f-b815-4930bcbf3532", "is_available": true}}, {"model": "railway.seat", "pk": "8e368d0c-35c7-43e1-9b78-4592f6238411", "fields": {"train": "4c9a5b62-87a3-4546-b9ed-c1e599cb25fa", "is_available": true}}, {"model": "railway.seat", "pk": "8e7c9d4e-4f7d-4621-927a-f141b2c417af", "fields": {"train": "e5800954-ab96-4c7f-b815-4930bcbf3532", "is_available": true}}, {"model": "railway.seat", "pk": "8ec65594-b0c7-49e6-8cb0-496e9693611f", "fields": {"train": "81fc72f9-ca87-48cf-918b-730935a358a1", "is_available": true}}, {"model": "railway.seat", "pk": "929b4800-74ba-4cc1-b366-6fa4d4814925", "fields": {"train": "fe6df029-dea2-43aa-9068-2f54cb98be11", "is_available": true}}, {"model": "railway.seat", "pk": "92bf817b-1d77-46dc-9ee1-48a8f74ab2e9", "fields": {"train": "541e6b4b-5c09-418f-822a-8415796e530a", "is_available": true}}, {"model": "railway.seat", "pk": "9313ca75-cfe5-462d-8204-50dcda4c6456", "fields": {"train": "fe6df029-dea2-43aa-9068-2f54cb98be11", "is_available": true}}, {"model": "railway.seat", "pk": "938ec0cc-5396-466f-8cf5-1b16d8e0faa8", "fields": {"train": "4c9a5b62-87a3-4546-b9ed-c1e599cb25fa", "is_available": true}}, {"model": "railway.seat", "pk": "95e13159-e917-4fcb-9b8c-e07366461c59", "fields": {"train": "fe6df029-dea2-43aa-9068-2f54cb98be11", "is_available": true}}, {"model": "railway.seat", "pk": "96399252-e4d7-4024-9a4d-e9ad2e1db29a", "fields": {"train": "e828a61e-1074-4d5f-b464-0ac2558f5738", "is_available": true}}, {"model": "railway.seat", "pk": "97e3b316-19a9-4668-8096-de1e044e775b", "fields": {"train": "100d4f36-72a8-4aba-ac3d-b3caf6683ffd", "is_available": true}}, {"model": "railway.seat", "pk": "986d308e-a326-4786-a93b-4377bf7227b2", "fields": {"train": "541e6b4b-5c09-418f-822a-8415796e530a", "is_available": true}}, {"model": "railway.seat", "pk": "9a0826eb-3556-4041-a1cb-41ced44bf51e", "fields": {"train": "4c9a5b62-87a3-4546-b9ed-c1e599cb25fa", "is_available": true}}, {"model": "railway.seat", "pk": "9facec67-cc8f-483e-9d9c-8c025bbfcfc9", "fields": {"train": "15bbb578-80f8-47fb-acb8-185238c3ac1f", "is_available": true}}, {"model": "railway.seat", "pk": "a0952071-cc25-41d8-a6ae-52df283bf749", "fields": {"train": "af665147-d20a-4bf5-9748-455cfe8c2a45", "is_available": true}}, {"model": "railway.seat", "pk": "a188af43-9705-46a5-b1ba-ceebee6f99f5", "fields": {"train": "e828a61e-1074-4d5f-b464-0ac2558f5738", "is_available": true}}, {"model": "railway.seat", "pk": "a28acb8b-8c86-4f67-a2b1-3bc14eb51042", "fields": {"train": "e84d95ad-d34d-4749-9950-e88534c78063", "is_available": true}}, {"model": "railway.seat", "pk": "a395ff1d-9fc8-4384-a53e-e174ba3b47a5", "fields": {"train": "e5800954-ab96-4c7f-b815-4930bcbf3532", "is_available": true}}, {"model": "railway.seat", "pk": "a4bbfafb-c61d-406d-aa62-448995c97cce", "fields": {"train": "af665147-d20a-4bf5-9748-455cfe8c2a45", "is_available": true}}, {"model": "railway.seat", "pk": "a4c901f7-b805-4a67-b16f-d3dc9af776ca", "fields": {"train": "100d4f36-72a8-4aba-ac3d-b3caf6683ffd", "is_available": true}}, {"model": "railway.seat", "pk": "a7fb6a29-180a-4b53-b8d0-7db18c69c527", "fields": {"train": "15bbb578-80f8-47fb-acb8-185238c3ac1f", "is_available": true}}, {"model": "railway.seat", "pk": "a9529478-2687-49e9-8d74-763293a10246", "fields": {"train": "af665147-d20a-4bf5-9748-455cfe8c2a45", "is_available": true}}, {"model": "railway.seat", "pk": "ad53ddfa-2dda-493d-b7ae-57eeaf7d83e7", "fields": {"train": "4c9a5b62-87a3-4546-b9ed-c1e599cb25fa", "is_available": true}}, {"model": "railway.seat", "pk": "ae5c8bfa-7f4d-49da-82fe-186938c7b69b", "fields": {"train": "24f63dd0-879e-434d-b078-b8efe249d6cd", "is_available": true}}, {"model": "railway.seat", "pk": "b0468394-f508-443c-b999-71f03f12da4c", "fields": {"train": "81fc72f9-ca87-48cf-918b-730935a358a1", "is_available": true}}, {"model": "railway.seat", "pk": "b480bcd8-063a-49f1-accb-cc1bb9f09c3f", "fields": {"train": "fe6df029-dea2-43aa-9068-2f54cb98be11", "is_available": true}}, {"model": "railway.seat", "pk": "b5e4796a-5341-4349-afb1-4a5d126a2071", "fields": {"train": "1a545eff-40c1-4333-b3ba-12a0f08e1587", "is_available": true}}, {"model": "railway.seat", "pk": "b786dcef-e7ae-4a78-8c9b-0f2403330014", "fields": {"train": "fe6df029-dea2-43aa-9068-2f54cb98be11", "is_available": true}}, {"model": "railway.seat", "pk": "bddab7be-a54c-4c9d-bb9c-89619609bb62", "fields": {"train": "e84d95ad-d34d-4749-9950-e88534c78063", "is_available": true}}, {"model": "railway.seat", "pk": "c0e7ebb2-4def-425a-a962-79c872a1e625", "fields": {"train": "100d4f36-72a8-4aba-ac3d-b3caf6683ffd", "is_available": true}}, {"model": "railway.seat", "pk": "c18ebd21-0cf6-4e96-9603-181509deafe7", "fields": {"train": "1a545eff-40c1-4333-b3ba-12a0f08e1587", "is_available": true}}, {"model": "railway.seat", "pk": "c1a57a03-0500-4f90-9255-48bcea2a6b5f", "fields": {"train": "541e6b4b-5c09-418f-822a-8415796e530a", "is_available": true}}, {"model": "railway.seat", "pk": "c462d1df-6ba9-430f-a0b0-e001f75fbe99", "fields": {"train": "24f63dd0-879e-434d-b078-b8efe249d6cd", "is_available": true}}, {"model": "railway.seat", "pk": "c48a6126-033e-4fb8-ade0-b30177ac1e84", "fields": {"train": "e5800954-ab96-4c7f-b815-4930bcbf3532", "is_available": true}}, {"model": "railway.seat", "pk": "c4f2d7f4-913e-4f44-8bf2-a79daa2c3f9b", "fields": {"train": "541e6b4b-5c09-418f-822a-8415796e530a", "is_available": true}}, {"model": "railway.seat", "pk": "c5725508-ce97-479b-8033-117373ff7a7b", "fields": {"train": "376faffe-0fae-4adc-a532-0bb6d02b0ca9", "is_available": true}}, {"model": "railway.seat", "pk": "c665dc77-742e-4558-b94f-4283da4e84ec", "fields": {"train": "e6a0cdfb-cb62-422b-aa1a-57226e6842e4", "is_available": true}}, {"model": "railway.seat", "pk": "c7963b63-9d07-49c9-ab70-4c732f2e4791", "fields": {"train": "24f63dd0-879e-434d-b078-b8efe249d6cd", "is_available": true}}, {"model": "railway.seat", "pk": "d0171280-8df9-403e-94f7-3760b4c0b38a", "fields": {"train": "fe6df029-dea2-43aa-9068-2f54cb98be11", "is_available": true}}, {"model": "railway.seat", "pk": "d3484819-d6b7-477b-9d5c-22af8dfc3d62", "fields": {"train": "e84d95ad-d34d-4749-9950-e88534c78063", "is_available": true}}, {"model": "railway.seat", "pk": "d5a821d4-610c-4e69-ab39-2a05296810ee", "fields": {"train": "15bbb578-80f8-47fb-acb8-185238c3ac1f", "is_available": true}}, {"model": "railway.seat", "pk": "d6140d0e-054f-42ed-9fb3-84f03df7e1a7", "fields": {"train": "af665147-d20a-4bf5-9748-455cfe8c2a45", "is_available": true}}, {"model": "railway.seat", "pk": "d8a70f4b-92c3-411d-bb00-2be0a023e9b2", "fields": {"train": "e828a61e-1074-4d5f-b464-0ac2558f5738", "is_available": true}}, {"model": "railway.seat", "pk": "daf02da2-dac7-411d-8260-9ace0b9a6715", "fields": {"train": "e6a0cdfb-cb62-422b-aa1a-57226e6842e4", "is_available": true}}, {"model": "railway.seat", "pk": "de697f23-a971-42dc-ae04-38315b9e49f6", "fields": {"train": "e6a0cdfb-cb62-422b-aa1a-57226e6842e4", "is_available": true}}, {"model": "railway.seat", "pk": "df1ee864-43af-4e04-a00c-58b46c2c8eb4", "fields": {"train": "541e6b4b-5c09-418f-822a-8415796e530a", "is_available": true}}, {"model": "railway.seat", "pk": "e244b67b-c711-409c-85d1-157dc270fc37", "fields": {"train": "7b372d05-66e3-45c4-98aa-f481f86e0791", "is_available": true}}, {"model": "railway.seat", "pk": "ebedd475-e51d-4edc-abdc-949776355169", "fields": {"train": "81fc72f9-ca87-48cf-918b-730935a358a1", "is_available": true}}, {"model": "railway.seat", "pk": "ed9965f0-f473-4c7c-ae05-f5d953b9d543", "fields": {"train": "15bbb578-80f8-47fb-acb8-185238c3ac1f", "is_available": true}}, {"model": "railway.seat", "pk": "ee8df5f4-3af4-46f2-a618-af01500074f4", "fields": {"train": "100d4f36-72a8-4aba-ac3d-b3caf6683ffd", "is_available": true}}, {"model": "railway.seat", "pk": "eebc8e3c-e8c7-4263-98ef-3fd168d5b06c", "fields": {"train": "e5800954-ab96-4c7f-b815-4930bcbf3532", "is_available": true}}, {"model": "railway.seat", "pk": "f0723818-337b-4138-ab2c-a8e451d80bf0", "fields": {"train": "81fc72f9-ca87-48cf-918b-730935a358a1", "is_available": true}}, {"model": "railway.seat", "pk": "f1ba4f43-96a4-487b-a138-c8f23c7d0315", "fields": {"train": "e828a61e-1074-4d5f-b464-0ac2558f5738", "is_available": true}}, {"model": "railway.seat", "pk": "f1eef6e1-05a4-41e2-8ab3-89164c79030f", "fields": {"train": "1a545eff-40c1-4333-b3ba-12a0f08e1587", "is_available": true}}, {"model": "railway.seat", "pk": "f34da54f-e93a-4780-87bf-b833c252c7c7", "fields": {"train": "100d4f36-72a8-4aba-ac3d-b3caf6683ffd", "is_available": true}}, {"model": "railway.seat", "pk": "f5b10e7d-15e5-40a3-881a-2107397ef6a3", "fields": {"train": "4c9a5b62-87a3-4546-b9ed-c1e599cb25fa", "is_available": true}}, {"model": "railway.seat", "pk": "f971f731-a779-4dca-90cf-d8f318d527ff", "fields": {"train": "e6a0cdfb-cb62-422b-aa1a-57226e6842e4", "is_available": true}}, {"model": "railway.seat", "pk": "fe6a071c-63b8-4fe0-aeae-a61bf05f950a", "fields": {"train": "376faffe-0fae-4adc-a532-0bb6d02b0ca9", "is_available": true}}, {"model": "railway.seat", "pk": "ffc08815-99ee-4517-bf13-f9b63e4be1bf", "fields": {"train": "15bbb578-80f8-47fb-acb8-185238c3ac1f", "is_available": true}}, {"model": "railway.route", "pk": "047392c4-626e-4f7e-90ca-bf0472048bad", "fields": {"departure_station": "89fb543a-7a6e-49f5-841b-2b1a04e1758c", "terminal_station": "544a2433-3403-4aaa-b8d4-c85e8ddb487c", "departure_time": "2023-11-12T10:51:44Z", "arrival_time": "2023-11-22T10:51:46Z", "route_name": "Spire-Orc Crossroads", "train": "24f63dd0-879e-434d-b078-b8efe249d6cd"}}, {"model": "railway.route", "pk": "0ab6ce8e-fac3-4dfd-ac35-24e738995389", "fields": {"departure_station": "27c49062-b152-443a-90cd-1d75c4bc1297", "terminal_station": "17da8c38-e116-4ad7-8bf6-903e0deca5eb", "departure_time": "2023-11-12T10:54:16Z", "arrival_time": "2023-11-22T10:54:18Z", "route_name": "Jungle-Icy Wastes Connector", "train": "15bbb578-80f8-47fb-acb8-185238c3ac1f"}}, {"model": "railway.route", "pk": "2ea0c0bd-957e-417e-8c71-91116f9870b7", "fields": {"departure_station": "17da8c38-e116-4ad7-8bf6-903e0deca5eb", "terminal_station": "1653a83e-8b69-4f57-9c32-bebd8c6b47d1", "departure_time": "2023-11-12T10:54:35Z", "arrival_time": "2023-11-22T10:54:38Z", "route_name": "Northrend Nexus Route", "train": "fe6df029-dea2-43aa-9068-2f54cb98be11"}}, {"model": "railway.route", "pk": "5b24b1da-544e-4a33-bcb5-638286df5951", "fields": {"departure_station": "d57b5a8d-08e9-4540-a801-2c587aa6a175", "terminal_station": "cbc222c8-dee7-490d-aa78-59ae92d4f458", "departure_time": "2023-11-12T10:50:30Z", "arrival_time": "2023-11-22T10:50:33Z", "route_name": "Tauren Shoreline Shuttle", "train": "541e6b4b-5c09-418f-822a-8415796e530a"}}, {"model": "railway.route", "pk": "61ae6a05-7c55-41cd-9308-83dc995dda6e", "fields": {"departure_station": "fbfc0360-bfd4-4f9a-84a6-3a27172bad0d", "terminal_station": "e2f47fc5-198c-48d3-a7e6-3de6b8318253", "departure_time": "2023-11-12T10:49:36Z", "arrival_time": "2023-11-22T10:49:38Z", "route_name": "Dwarven Kingdom Connector", "train": "1a545eff-40c1-4333-b3ba-12a0f08e1587"}}, {"model": "railway.route", "pk": "6c065c26-ba6e-423d-b7bd-e8991678f787", "fields": {"departure_station": "544a2433-3403-4aaa-b8d4-c85e8ddb487c", "terminal_station": "4e3b1f54-a7b6-4657-bd62-3b5702ec7cae", "departure_time": "2023-11-12T10:52:05Z", "arrival_time": "2023-11-22T10:52:07Z", "route_name": "Horde-Goblin Maritime Link", "train": "100d4f36-72a8-4aba-ac3d-b3caf6683ffd"}}, {"model": "railway.route", "pk": "6ce61e21-ac3d-428d-aa8a-07688043710c", "fields": {"departure_station": "cbc222c8-dee7-490d-aa78-59ae92d4f458", "terminal_station": "aa4a3566-ccdd-451c-b00a-86eed153e873", "departure_time": "2023-11-12T10:50:45Z", "arrival_time": "2023-11-22T10:50:47Z", "route_name": "Elven Seaflight Route", "train": "e6a0cdfb-cb62-422b-aa1a-57226e6842e4"}}, {"model": "railway.route", "pk": "89f4a997-1f4d-411c-b524-8392b01ed82b", "fields": {"departure_station": "4e3b1f54-a7b6-4657-bd62-3b5702ec7cae", "terminal_station": "47628bfa-e346-4c16-9a1d-ef039ea48a43", "departure_time": "2023-11-12T10:52:28Z", "arrival_time": "2023-11-22T10:52:30Z", "route_name": "Pirate's Haven Line", "train": "af665147-d20a-4bf5-9748-455cfe8c2a45"}}, {"model": "railway.route", "pk": "8a6522ef-fb09-4c0c-b20e-fa1fb0b60cd9", "fields": {"departure_station": "1653a83e-8b69-4f57-9c32-bebd8c6b47d1", "terminal_station": "13ef848f-456b-413a-9f6a-6306ace84366", "departure_time": "2023-11-12T10:55:00Z", "arrival_time": "2023-11-22T10:55:03Z", "route_name": "Elemental Interplanar Express", "train": "4c9a5b62-87a3-4546-b9ed-c1e599cb25fa"}}, {"model": "railway.route", "pk": "a0a00f71-a5b0-4122-b8e0-edcd8eadfa5c", "fields": {"departure_station": "aa4a3566-ccdd-451c-b00a-86eed153e873", "terminal_station": "89fb543a-7a6e-49f5-841b-2b1a04e1758c", "departure_time": "2023-11-12T10:51:16Z", "arrival_time": "2023-11-22T10:51:19Z", "route_name": "Draenei-Dark Iron Connection", "train": "7b372d05-66e3-45c4-98aa-f481f86e0791"}}, {"model": "railway.route", "pk": "ad8eae53-b149-4476-b12a-ed0474dec1be", "fields": {"departure_station": "0f60399d-b032-43e8-9ee9-a20e4e9bf2e9", "terminal_station": "0f13d3bd-ffcb-494a-a333-0356110fabbf", "departure_time": "2023-11-12T10:56:36Z", "arrival_time": "2023-11-22T10:56:37Z", "route_name": "Goblin-Undead Underground", "train": "100d4f36-72a8-4aba-ac3d-b3caf6683ffd"}}, {"model": "railway.route", "pk": "c58309d8-9ac3-43f9-a30f-d501228a0312", "fields": {"departure_station": "280dadf9-f4b7-49ce-9fa3-a642c87a8efb", "terminal_station": "27c49062-b152-443a-90cd-1d75c4bc1297", "departure_time": "2023-11-12T10:53:59Z", "arrival_time": "2023-11-22T10:54:01Z", "route_name": "Troll-Zul'jin Rail Express", "train": "81fc72f9-ca87-48cf-918b-730935a358a1"}}, {"model": "railway.route", "pk": "c62d1abe-5f3c-4955-87c4-c1d4d940ba37", "fields": {"departure_station": "02619d5a-5a5d-4485-85fa-f80db978df6f", "terminal_station": "fe5bf902-0e35-43eb-9bc0-cb8e46b4fa10", "departure_time": "2023-11-12T10:57:58Z", "arrival_time": "2023-11-22T10:58:00Z", "route_name": "Nature's Wayfarer Loop", "train": "7b372d05-66e3-45c4-98aa-f481f86e0791"}}, {"model": "railway.route", "pk": "e03e9682-08f2-465a-be19-befe24e449c3", "fields": {"departure_station": "13ef848f-456b-413a-9f6a-6306ace84366", "terminal_station": "10d76778-830f-4adc-89d3-c7d972509c22", "departure_time": "2023-11-12T10:55:33Z", "arrival_time": "2023-11-22T10:55:36Z", "route_name": "Outland-Night Elf Connection", "train": "e5800954-ab96-4c7f-b815-4930bcbf3532"}}, {"model": "railway.route", "pk": "e92829d8-2351-4bb3-b5a3-37d07c6e9f26", "fields": {"departure_station": "e2f47fc5-198c-48d3-a7e6-3de6b8318253", "terminal_station": "d57b5a8d-08e9-4540-a801-2c587aa6a175", "departure_time": "2023-11-12T10:49:56Z", "arrival_time": "2023-11-22T10:49:58Z", "route_name": "Human-Tauren Express", "train": "e84d95ad-d34d-4749-9950-e88534c78063"}}, {"model": "railway.route", "pk": "f05b87d8-a7cd-4a66-b129-4bb079614fa4", "fields": {"departure_station": "431a9c78-9209-45aa-b8a0-b7bab8444032", "terminal_station": "280dadf9-f4b7-49ce-9fa3-a642c87a8efb", "departure_time": "2023-11-12T10:53:15Z", "arrival_time": "2023-11-22T10:53:17Z", "route_name": "Magical Jungle Transit", "train": "81fc72f9-ca87-48cf-918b-730935a358a1"}}, {"model": "railway.route", "pk": "f47b3f67-3416-4dbb-a084-26a3772763b7", "fields": {"departure_station": "47628bfa-e346-4c16-9a1d-ef039ea48a43", "terminal_station": "431a9c78-9209-45aa-b8a0-b7bab8444032", "departure_time": "2023-11-12T10:52:48Z", "arrival_time": "2023-11-22T10:52:50Z", "route_name": "Gnome-Mage Junction", "train": "e828a61e-1074-4d5f-b464-0ac2558f5738"}}, {"model": "railway.route", "pk": "f4c1e79d-f913-4d67-bbda-272a842b7a3a", "fields": {"departure_station": "10d76778-830f-4adc-89d3-c7d972509c22", "terminal_station": "0f60399d-b032-43e8-9ee9-a20e4e9bf2e9", "departure_time": "2023-11-12T10:56:05Z", "arrival_time": "2023-11-22T10:56:07Z", "route_name": "Teldrassil Desert Explorer", "train": "fe6df029-dea2-43aa-9068-2f54cb98be11"}}, {"model": "railway.route", "pk": "f6b8a892-ca46-4763-a479-e3ef99b17322", "fields": {"departure_station": "fe5bf902-0e35-43eb-9bc0-cb8e46b4fa10", "terminal_station": "fbfc0360-bfd4-4f9a-84a6-3a27172bad0d", "departure_time": "2023-11-12T10:49:08Z", "arrival_time": "2023-11-22T10:49:11Z", "route_name": "Sunstrider Express", "train": "376faffe-0fae-4adc-a532-0bb6d02b0ca9"}}, {"model": "railway.route", "pk": "fa785d92-276f-4d74-98e3-ad02b2a63502", "fields": {"departure_station": "0f13d3bd-ffcb-494a-a333-0356110fabbf", "terminal_station": "02619d5a-5a5d-4485-85fa-f80db978df6f", "departure_time": "2023-11-12T10:57:09Z", "arrival_time": "2023-11-22T10:57:12Z", "route_name": "Forsaken Silithid Runway", "train": "1a545eff-40c1-4333-b3ba-12a0f08e1587"}}]